<?xml version="1.0" encoding="UTF-8" standalone="no"?>
<DIAGRAMA ID="1" TIPO="tpConceitual" UniversalUnicID="EB23-4-3438-2D-D8BB-C4-7C">
    <InfoDiagrama ID="1">
        <Versao Valor="3.2.0"/>
        <Autores/>
        <Observacao/>
        <Width Valor="4096"/>
        <Height Valor="4096"/>
        <Alinhamento_v Valor="50"/>
        <Alinhamento_h Valor="60"/>
        <Zoom Valor="200"/>
        <Fonte Estilo="1" Nome="Arial" Tamanho="12"/>
        <Localizacao Left="0" Top="0"/>
        <Realce Valor="false"/>
    </InfoDiagrama>
    <Entidade ID="13">
        <Bounds Height="58" Left="58" Top="61" Width="120"/>
        <DisablePainted Valor="false"/>
        <Texto>participante</Texto>
        <Observacao/>
        <Dicionario/>
        <Fonte Estilo="1" Nome="Arial" Tamanho="12"/>
        <Ancorado Valor="false"/>
        <AtributosOcultos Valor=""/>
    </Entidade>
    <Entidade ID="16">
        <Bounds Height="58" Left="442" Top="61" Width="120"/>
        <DisablePainted Valor="false"/>
        <Texto>reuniao</Texto>
        <Observacao/>
        <Dicionario/>
        <Fonte Estilo="1" Nome="Arial" Tamanho="12"/>
        <Ancorado Valor="false"/>
        <AtributosOcultos Valor=""/>
    </Entidade>
    <Atributo ID="35">
        <Bounds Height="14" Left="180" Top="133" Width="35"/>
        <DisablePainted Valor="false"/>
        <Texto>id</Texto>
        <Observacao/>
        <Dicionario/>
        <Fonte Estilo="1" Nome="Arial" Tamanho="12"/>
        <Ancorado Valor="false"/>
        <DirecaoFromInspector Valor="0"/>
        <Autosize Valor="true"/>
        <Identificador Valor="true"/>
        <Opcional Valor="false"/>
        <Multivalorado Valor="false"/>
        <CardMinFromString Valor="1"/>
        <CardMaxFromString Valor="n"/>
        <TipoAtributo Valor=""/>
    </Atributo>
    <Ligacao ID="36">
        <DisablePainted Valor="false"/>
        <Tag LinhaMestre="-1"/>
        <Dashed Valor="false"/>
        <Ancorado Valor="false"/>
        <TemSetaPontaA Valor="false"/>
        <TemSetaPontaB Valor="false"/>
        <SetaAberta Valor="true"/>
        <SetaLargura Valor="10"/>
        <Inteligente Valor="true"/>
        <Largura Valor="1"/>
        <Ligacoes PontaA="35" PontaB="13"/>
        <Pontos>
            <Ponto Left="176" Top="137"/>
            <Ponto Left="155" Top="137"/>
            <Ponto Left="155" Top="116"/>
        </Pontos>
    </Ligacao>
    <Atributo ID="38">
        <Bounds Height="14" Left="180" Top="153" Width="59"/>
        <DisablePainted Valor="false"/>
        <Texto>nome</Texto>
        <Observacao/>
        <Dicionario/>
        <Fonte Estilo="1" Nome="Arial" Tamanho="12"/>
        <Ancorado Valor="false"/>
        <DirecaoFromInspector Valor="0"/>
        <Autosize Valor="true"/>
        <Identificador Valor="false"/>
        <Opcional Valor="false"/>
        <Multivalorado Valor="false"/>
        <CardMinFromString Valor="1"/>
        <CardMaxFromString Valor="n"/>
        <TipoAtributo Valor=""/>
    </Atributo>
    <Ligacao ID="39">
        <DisablePainted Valor="false"/>
        <Tag LinhaMestre="-1"/>
        <Dashed Valor="false"/>
        <Ancorado Valor="false"/>
        <TemSetaPontaA Valor="false"/>
        <TemSetaPontaB Valor="false"/>
        <SetaAberta Valor="true"/>
        <SetaLargura Valor="10"/>
        <Inteligente Valor="true"/>
        <Largura Valor="1"/>
        <Ligacoes PontaA="38" PontaB="13"/>
        <Pontos>
            <Ponto Left="176" Top="157"/>
            <Ponto Left="134" Top="157"/>
            <Ponto Left="134" Top="116"/>
        </Pontos>
    </Ligacao>
    <Atributo ID="42">
        <Bounds Height="14" Left="180" Top="173" Width="59"/>
        <DisablePainted Valor="false"/>
        <Texto>email</Texto>
        <Observacao/>
        <Dicionario/>
        <Fonte Estilo="1" Nome="Arial" Tamanho="12"/>
        <Ancorado Valor="false"/>
        <DirecaoFromInspector Valor="0"/>
        <Autosize Valor="true"/>
        <Identificador Valor="false"/>
        <Opcional Valor="false"/>
        <Multivalorado Valor="false"/>
        <CardMinFromString Valor="1"/>
        <CardMaxFromString Valor="n"/>
        <TipoAtributo Valor=""/>
    </Atributo>
    <Ligacao ID="43">
        <DisablePainted Valor="false"/>
        <Tag LinhaMestre="-1"/>
        <Dashed Valor="false"/>
        <Ancorado Valor="false"/>
        <TemSetaPontaA Valor="false"/>
        <TemSetaPontaB Valor="false"/>
        <SetaAberta Valor="true"/>
        <SetaLargura Valor="10"/>
        <Inteligente Valor="true"/>
        <Largura Valor="1"/>
        <Ligacoes PontaA="42" PontaB="13"/>
        <Pontos>
            <Ponto Left="176" Top="177"/>
            <Ponto Left="114" Top="177"/>
            <Ponto Left="114" Top="116"/>
        </Pontos>
    </Ligacao>
    <Atributo ID="53">
        <Bounds Height="14" Left="180" Top="193" Width="72"/>
        <DisablePainted Valor="false"/>
        <Texto>usuario</Texto>
        <Observacao/>
        <Dicionario/>
        <Fonte Estilo="1" Nome="Arial" Tamanho="12"/>
        <Ancorado Valor="false"/>
        <DirecaoFromInspector Valor="0"/>
        <Autosize Valor="true"/>
        <Identificador Valor="false"/>
        <Opcional Valor="false"/>
        <Multivalorado Valor="false"/>
        <CardMinFromString Valor="1"/>
        <CardMaxFromString Valor="n"/>
        <TipoAtributo Valor=""/>
    </Atributo>
    <Ligacao ID="54">
        <DisablePainted Valor="false"/>
        <Tag LinhaMestre="-1"/>
        <Dashed Valor="false"/>
        <Ancorado Valor="false"/>
        <TemSetaPontaA Valor="false"/>
        <TemSetaPontaB Valor="false"/>
        <SetaAberta Valor="true"/>
        <SetaLargura Valor="10"/>
        <Inteligente Valor="true"/>
        <Largura Valor="1"/>
        <Ligacoes PontaA="53" PontaB="13"/>
        <Pontos>
            <Ponto Left="176" Top="197"/>
            <Ponto Left="94" Top="197"/>
            <Ponto Left="94" Top="116"/>
        </Pontos>
    </Ligacao>
    <Atributo ID="56">
        <Bounds Height="14" Left="180" Top="213" Width="62"/>
        <DisablePainted Valor="false"/>
        <Texto>senha</Texto>
        <Observacao/>
        <Dicionario/>
        <Fonte Estilo="1" Nome="Arial" Tamanho="12"/>
        <Ancorado Valor="false"/>
        <DirecaoFromInspector Valor="0"/>
        <Autosize Valor="true"/>
        <Identificador Valor="false"/>
        <Opcional Valor="false"/>
        <Multivalorado Valor="false"/>
        <CardMinFromString Valor="1"/>
        <CardMaxFromString Valor="n"/>
        <TipoAtributo Valor=""/>
    </Atributo>
    <Ligacao ID="57">
        <DisablePainted Valor="false"/>
        <Tag LinhaMestre="-1"/>
        <Dashed Valor="false"/>
        <Ancorado Valor="false"/>
        <TemSetaPontaA Valor="false"/>
        <TemSetaPontaB Valor="false"/>
        <SetaAberta Valor="true"/>
        <SetaLargura Valor="10"/>
        <Inteligente Valor="true"/>
        <Largura Valor="1"/>
        <Ligacoes PontaA="56" PontaB="13"/>
        <Pontos>
            <Ponto Left="176" Top="217"/>
            <Ponto Left="74" Top="217"/>
            <Ponto Left="74" Top="116"/>
        </Pontos>
    </Ligacao>
    <Atributo ID="60">
        <Bounds Height="14" Left="563" Top="133" Width="35"/>
        <DisablePainted Valor="false"/>
        <Texto>id</Texto>
        <Observacao/>
        <Dicionario/>
        <Fonte Estilo="1" Nome="Arial" Tamanho="12"/>
        <Ancorado Valor="false"/>
        <DirecaoFromInspector Valor="0"/>
        <Autosize Valor="true"/>
        <Identificador Valor="true"/>
        <Opcional Valor="false"/>
        <Multivalorado Valor="false"/>
        <CardMinFromString Valor="1"/>
        <CardMaxFromString Valor="n"/>
        <TipoAtributo Valor=""/>
    </Atributo>
    <Ligacao ID="61">
        <DisablePainted Valor="false"/>
        <Tag LinhaMestre="-1"/>
        <Dashed Valor="false"/>
        <Ancorado Valor="false"/>
        <TemSetaPontaA Valor="false"/>
        <TemSetaPontaB Valor="false"/>
        <SetaAberta Valor="true"/>
        <SetaLargura Valor="10"/>
        <Inteligente Valor="true"/>
        <Largura Valor="1"/>
        <Ligacoes PontaA="60" PontaB="16"/>
        <Pontos>
            <Ponto Left="559" Top="137"/>
            <Ponto Left="540" Top="137"/>
            <Ponto Left="540" Top="116"/>
        </Pontos>
    </Ligacao>
    <Atributo ID="64">
        <Bounds Height="14" Left="563" Top="153" Width="116"/>
        <DisablePainted Valor="false"/>
        <Texto>nome_reuniao</Texto>
        <Observacao/>
        <Dicionario/>
        <Fonte Estilo="1" Nome="Arial" Tamanho="12"/>
        <Ancorado Valor="false"/>
        <DirecaoFromInspector Valor="0"/>
        <Autosize Valor="true"/>
        <Identificador Valor="false"/>
        <Opcional Valor="false"/>
        <Multivalorado Valor="false"/>
        <CardMinFromString Valor="1"/>
        <CardMaxFromString Valor="n"/>
        <TipoAtributo Valor=""/>
    </Atributo>
    <Ligacao ID="65">
        <DisablePainted Valor="false"/>
        <Tag LinhaMestre="-1"/>
        <Dashed Valor="false"/>
        <Ancorado Valor="false"/>
        <TemSetaPontaA Valor="false"/>
        <TemSetaPontaB Valor="false"/>
        <SetaAberta Valor="true"/>
        <SetaLargura Valor="10"/>
        <Inteligente Valor="true"/>
        <Largura Valor="1"/>
        <Ligacoes PontaA="64" PontaB="16"/>
        <Pontos>
            <Ponto Left="559" Top="157"/>
            <Ponto Left="519" Top="157"/>
            <Ponto Left="519" Top="116"/>
        </Pontos>
    </Ligacao>
    <Atributo ID="67">
        <Bounds Height="14" Left="563" Top="173" Width="147"/>
        <DisablePainted Valor="false"/>
        <Texto>nome_participante</Texto>
        <Observacao/>
        <Dicionario/>
        <Fonte Estilo="1" Nome="Arial" Tamanho="12"/>
        <Ancorado Valor="false"/>
        <DirecaoFromInspector Valor="0"/>
        <Autosize Valor="true"/>
        <Identificador Valor="false"/>
        <Opcional Valor="false"/>
        <Multivalorado Valor="false"/>
        <CardMinFromString Valor="1"/>
        <CardMaxFromString Valor="n"/>
        <TipoAtributo Valor=""/>
    </Atributo>
    <Ligacao ID="68">
        <DisablePainted Valor="false"/>
        <Tag LinhaMestre="-1"/>
        <Dashed Valor="false"/>
        <Ancorado Valor="false"/>
        <TemSetaPontaA Valor="false"/>
        <TemSetaPontaB Valor="false"/>
        <SetaAberta Valor="true"/>
        <SetaLargura Valor="10"/>
        <Inteligente Valor="true"/>
        <Largura Valor="1"/>
        <Ligacoes PontaA="67" PontaB="16"/>
        <Pontos>
            <Ponto Left="559" Top="177"/>
            <Ponto Left="499" Top="177"/>
            <Ponto Left="499" Top="116"/>
        </Pontos>
    </Ligacao>
    <Relacionamento ID="84">
        <Bounds Height="50" Left="240" Top="76" Width="150"/>
        <DisablePainted Valor="false"/>
        <Texto>inscreve</Texto>
        <Observacao/>
        <Dicionario/>
        <Fonte Estilo="1" Nome="Arial" Tamanho="12"/>
        <Ancorado Valor="false"/>
    </Relacionamento>
    <Ligacao ID="86">
        <DisablePainted Valor="false"/>
        <Tag LinhaMestre="-1"/>
        <Dashed Valor="false"/>
        <Ancorado Valor="false"/>
        <TemSetaPontaA Valor="false"/>
        <TemSetaPontaB Valor="false"/>
        <SetaAberta Valor="true"/>
        <SetaLargura Valor="10"/>
        <Inteligente Valor="true"/>
        <Largura Valor="1"/>
        <Ligacoes PontaA="16" PontaB="84"/>
        <Pontos>
            <Ponto Left="438" Top="98"/>
            <Ponto Left="413" Top="98"/>
            <Ponto Left="413" Top="98"/>
            <Ponto Left="387" Top="98"/>
        </Pontos>
        <Cardinalidade ID="87">
            <Bounds Height="15" Left="389" Top="85" Width="45"/>
            <DisablePainted Valor="false"/>
            <Texto>Cardinalidade_2</Texto>
            <Observacao/>
            <Dicionario/>
            <Fonte Estilo="1" Nome="Arial" Tamanho="12"/>
            <Ancorado Valor="false"/>
            <TamanhoAutmatico Valor="true"/>
            <Card Valor="1"/>
            <MovimentacaoManual Valor="false"/>
            <Papel Valor=""/>
        </Cardinalidade>
    </Ligacao>
    <Ligacao ID="101">
        <DisablePainted Valor="false"/>
        <Tag LinhaMestre="-1"/>
        <Dashed Valor="false"/>
        <Ancorado Valor="false"/>
        <TemSetaPontaA Valor="false"/>
        <TemSetaPontaB Valor="false"/>
        <SetaAberta Valor="true"/>
        <SetaLargura Valor="10"/>
        <Inteligente Valor="true"/>
        <Largura Valor="1"/>
        <Ligacoes PontaA="84" PontaB="13"/>
        <Pontos>
            <Ponto Left="237" Top="98"/>
            <Ponto Left="206" Top="98"/>
            <Ponto Left="206" Top="98"/>
            <Ponto Left="175" Top="98"/>
        </Pontos>
        <Cardinalidade ID="102">
            <Bounds Height="15" Left="185" Top="85" Width="45"/>
            <DisablePainted Valor="false"/>
            <Texto>Cardinalidade_1</Texto>
            <Observacao/>
            <Dicionario/>
            <Fonte Estilo="1" Nome="Arial" Tamanho="12"/>
            <Ancorado Valor="false"/>
            <TamanhoAutmatico Valor="true"/>
            <Card Valor="2"/>
            <MovimentacaoManual Valor="false"/>
            <Papel Valor=""/>
        </Cardinalidade>
    </Ligacao>
</DIAGRAMA>
