<?xml version="1.0" encoding="UTF-8" standalone="no"?>
<DIAGRAMA ID="1" TIPO="tpLogico" UniversalUnicID="1492-3A-3818-61-E4E4-EC-FD">
    <InfoDiagrama ID="1">
        <Versao Valor="3.2.0"/>
        <Autores/>
        <Observacao/>
        <Width Valor="4096"/>
        <Height Valor="4096"/>
        <Alinhamento_v Valor="50"/>
        <Alinhamento_h Valor="60"/>
        <Zoom Valor="200"/>
        <Fonte Estilo="1" Nome="Arial" Tamanho="12"/>
        <Localizacao Left="0" Top="42"/>
        <Realce Valor="false"/>
        <SeparatorSQL Valor=";"/>
        <Prefixo Valor=""/>
    </InfoDiagrama>
    <Tabela ID="4">
        <Bounds Height="172" Left="61" Top="61" Width="150"/>
        <DisablePainted Valor="false"/>
        <Texto>participante</Texto>
        <Observacao/>
        <Dicionario/>
        <Fonte Estilo="1" Nome="Arial" Tamanho="12"/>
        <Ancorado Valor="false"/>
        <Delimite Valor="true"/>
        <Roundrect Valor="22"/>
        <Gradiente Valor="true"/>
        <GradienteStartColor Valor="0,0,0,255"/>
        <GradienteEndColor Valor="204,204,204,255"/>
        <CorBorda Valor="0,0,0,255"/>
        <GDirecao Valor="0"/>
        <Alfa Valor="25"/>
        <Autosize Valor="true"/>
        <Gradiente Valor="true"/>
        <GradienteStartColor Valor="0,0,0,255"/>
        <GradienteEndColor Valor="204,204,204,255"/>
        <GDirecao Valor="0"/>
        <Alfa Valor="25"/>
        <ShowDDL Valor="false"/>
        <ShowInPlain Valor="false"/>
        <MostrarConstraints Valor="true"/>
        <PlainIR Valor="true"/>
        <Campos>
            <Campo>
                <Texto>id</Texto>
                <Tipo>INTEGER</Tipo>
                <Complemento/>
                <Dicionario/>
                <Observacao/>
                <Key Valor="true"/>
                <Fkey Valor="false"/>
                <Unique Valor="false"/>
            </Campo>
            <Campo>
                <Texto>nome</Texto>
                <Tipo>VARCHAR</Tipo>
                <Complemento/>
                <Dicionario/>
                <Observacao/>
                <Key Valor="false"/>
                <Fkey Valor="false"/>
                <Unique Valor="false"/>
            </Campo>
            <Campo>
                <Texto>email</Texto>
                <Tipo>VARCHAR</Tipo>
                <Complemento/>
                <Dicionario/>
                <Observacao/>
                <Key Valor="false"/>
                <Fkey Valor="false"/>
                <Unique Valor="false"/>
            </Campo>
            <Campo>
                <Texto>usuario</Texto>
                <Tipo>VARCHAR</Tipo>
                <Complemento/>
                <Dicionario/>
                <Observacao/>
                <Key Valor="false"/>
                <Fkey Valor="false"/>
                <Unique Valor="false"/>
            </Campo>
            <Campo>
                <Texto>senha</Texto>
                <Tipo>VARCHAR</Tipo>
                <Complemento/>
                <Dicionario/>
                <Observacao/>
                <Key Valor="false"/>
                <Fkey Valor="false"/>
                <Unique Valor="false"/>
            </Campo>
        </Campos>
        <Constraints>
            <Constraint>
                <Nome Valor=""/>
                <Nomeada Valor="false"/>
                <Tipo Valor="0"/>
                <Dicionario/>
                <Observacao/>
                <DdlOnUpdate/>
                <DdlOnDelete/>
                <LigacaoParaOrigem ID="-1"/>
                <ConstraintOrigem CamposDestino="[-1]" CamposOrigem="[0]" ID="-1,-1"/>
            </Constraint>
        </Constraints>
    </Tabela>
    <Tabela ID="10">
        <Bounds Height="128" Left="280" Top="60" Width="196"/>
        <DisablePainted Valor="false"/>
        <Texto>reuniao</Texto>
        <Observacao/>
        <Dicionario/>
        <Fonte Estilo="1" Nome="Arial" Tamanho="12"/>
        <Ancorado Valor="false"/>
        <Delimite Valor="true"/>
        <Roundrect Valor="22"/>
        <Gradiente Valor="true"/>
        <GradienteStartColor Valor="0,0,0,255"/>
        <GradienteEndColor Valor="204,204,204,255"/>
        <CorBorda Valor="0,0,0,255"/>
        <GDirecao Valor="0"/>
        <Alfa Valor="25"/>
        <Autosize Valor="true"/>
        <Gradiente Valor="true"/>
        <GradienteStartColor Valor="0,0,0,255"/>
        <GradienteEndColor Valor="204,204,204,255"/>
        <GDirecao Valor="0"/>
        <Alfa Valor="25"/>
        <ShowDDL Valor="false"/>
        <ShowInPlain Valor="false"/>
        <MostrarConstraints Valor="true"/>
        <PlainIR Valor="true"/>
        <Campos>
            <Campo>
                <Texto>id</Texto>
                <Tipo>INTEGER</Tipo>
                <Complemento/>
                <Dicionario/>
                <Observacao/>
                <Key Valor="true"/>
                <Fkey Valor="false"/>
                <Unique Valor="false"/>
            </Campo>
            <Campo>
                <Texto>nome_reuniao</Texto>
                <Tipo>VARCHAR</Tipo>
                <Complemento/>
                <Dicionario/>
                <Observacao/>
                <Key Valor="false"/>
                <Fkey Valor="false"/>
                <Unique Valor="false"/>
            </Campo>
            <Campo>
                <Texto>nome_participante</Texto>
                <Tipo>VARCHAR</Tipo>
                <Complemento/>
                <Dicionario/>
                <Observacao/>
                <Key Valor="false"/>
                <Fkey Valor="true"/>
                <Unique Valor="false"/>
            </Campo>
        </Campos>
        <Constraints>
            <Constraint>
                <Nome Valor=""/>
                <Nomeada Valor="false"/>
                <Tipo Valor="0"/>
                <Dicionario/>
                <Observacao/>
                <DdlOnUpdate/>
                <DdlOnDelete/>
                <LigacaoParaOrigem ID="-1"/>
                <ConstraintOrigem CamposDestino="[-1]" CamposOrigem="[0]" ID="-1,-1"/>
            </Constraint>
            <Constraint>
                <Nome Valor=""/>
                <Nomeada Valor="false"/>
                <Tipo Valor="2"/>
                <Dicionario/>
                <Observacao/>
                <DdlOnUpdate/>
                <DdlOnDelete/>
                <LigacaoParaOrigem ID="-1"/>
                <ConstraintOrigem CamposDestino="[2]" CamposOrigem="[-1]" ID="-1,-1"/>
            </Constraint>
        </Constraints>
    </Tabela>
    <LogicoLinha ID="33">
        <DisablePainted Valor="false"/>
        <Tag LinhaMestre="-1"/>
        <Dashed Valor="false"/>
        <Ancorado Valor="false"/>
        <TemSetaPontaA Valor="true"/>
        <TemSetaPontaB Valor="false"/>
        <SetaAberta Valor="true"/>
        <SetaLargura Valor="10"/>
        <Inteligente Valor="true"/>
        <SetaAutomatica Valor="true"/>
        <Largura Valor="1"/>
        <Ligacoes PontaA="4" PontaB="10"/>
        <Pontos>
            <Ponto Left="137" Top="230"/>
            <Ponto Left="137" Top="240"/>
            <Ponto Left="378" Top="240"/>
            <Ponto Left="378" Top="185"/>
        </Pontos>
        <LogicoCardinalidade ID="34">
            <Bounds Height="15" Left="94" Top="240" Width="45"/>
            <DisablePainted Valor="false"/>
            <Texto>Cardinalidade_1</Texto>
            <Observacao/>
            <Dicionario/>
            <Fonte Estilo="1" Nome="Arial" Tamanho="12"/>
            <Ancorado Valor="false"/>
            <TamanhoAutmatico Valor="true"/>
            <Card Valor="2"/>
            <MovimentacaoManual Valor="false"/>
            <Papel Valor=""/>
            <Fonte Estilo="1" Nome="Arial" Tamanho="12"/>
        </LogicoCardinalidade>
        <LogicoCardinalidade ID="35">
            <Bounds Height="15" Left="335" Top="195" Width="45"/>
            <DisablePainted Valor="false"/>
            <Texto>Cardinalidade_2</Texto>
            <Observacao/>
            <Dicionario/>
            <Fonte Estilo="1" Nome="Arial" Tamanho="12"/>
            <Ancorado Valor="false"/>
            <TamanhoAutmatico Valor="true"/>
            <Card Valor="1"/>
            <MovimentacaoManual Valor="false"/>
            <Papel Valor=""/>
            <Fonte Estilo="1" Nome="Arial" Tamanho="12"/>
        </LogicoCardinalidade>
    </LogicoLinha>
</DIAGRAMA>
